kenanjasim.com/cv/,https://kenanjasim.com/,301,TRUE,FALSE,FALSE,FALSE
www.kenanjasim.com/cv/,https://kenanjasim.com/,301,TRUE,FALSE,FALSE,FALSE
kenanjasim.com/projects/,https://kenanjasim.com/#projects,301,TRUE,FALSE,FALSE,FALSE
www.kenanjasim.com/projects/,https://kenanjasim.com/#projects,301,TRUE,FALSE,FALSE,FALSE
kenanjasim.com/education/,https://kenanjasim.com/#education,301,TRUE,FALSE,FALSE,FALSE
www.kenanjasim.com/education/,https://kenanjasim.com/#education,301,TRUE,FALSE,FALSE,FALSE
kenanjasim.com/search/,https://kenan.sh/posts/,301,TRUE,FALSE,FALSE,FALSE
www.kenanjasim.com/search/,https://kenan.sh/posts/,301,TRUE,FALSE,FALSE,FALSE
kenanjasim.com/categories/,https://kenan.sh/tags/,301,TRUE,FALSE,FALSE,FALSE
www.kenanjasim.com/categories/,https://kenan.sh/tags/,301,TRUE,FALSE,FALSE,FALSE
kenanjasim.com/profile.svg,https://kenan.sh/profile.svg,301,TRUE,FALSE,FALSE,FALSE
www.kenanjasim.com/profile.svg,https://kenan.sh/profile.svg,301,TRUE,FALSE,FALSE,FALSE
